What's the current exchange rate for USD to EUR?,CurrencyExchangeIntent
I need to convert 500 British Pounds to US Dollars.,CurrencyExchangeIntent
How do I exchange Japanese Yen for Canadian Dollars?,CurrencyExchangeIntent
Can I convert my Australian Dollars to New Zealand Dollars?,CurrencyExchangeIntent
What's the rate for Euro to Swiss Franc?,CurrencyExchangeIntent
I want to change US Dollars to Mexican Pesos.,CurrencyExchangeIntent
How much is 1000 CAD in JPY?,CurrencyExchangeIntent
Tell me the best way to convert INR to USD.,CurrencyExchangeIntent
Are there any fees for currency exchange from GBP to EUR?,CurrencyExchangeIntent
I'm looking to swap some money from USD to SEK.,CurrencyExchangeIntent
What currency exchange options are available?,CurrencyExchangeIntent
Convert 250 AUD to USD for me.,CurrencyExchangeIntent
How much is one Euro worth in Brazilian Reals?,CurrencyExchangeIntent
I need to get some Euros for my trip.,CurrencyExchangeIntent
What's the process for converting CHF to GBP?,CurrencyExchangeIntent
Can I exchange South African Rand to Euros?,CurrencyExchangeIntent
What's the daily rate for USD to CAD?,CurrencyExchangeIntent
"I have some leftover travel money in THB, can I convert it to USD?",CurrencyExchangeIntent
How much will I get if I convert 300 AUD to NZD?,CurrencyExchangeIntent
Inquire about converting currency.,CurrencyExchangeIntent
What are the rates for converting USD to all major currencies?,CurrencyExchangeIntent
I want to know the exchange rate between the US Dollar and the Chinese Yuan.,CurrencyExchangeIntent
Convert my Euros to British Pounds.,CurrencyExchangeIntent
How do I change money from one currency to another?,CurrencyExchangeIntent
Exchange rate for USD to KRW.,CurrencyExchangeIntent
I'd like to convert 750 USD to EUR.,CurrencyExchangeIntent
What is the commission for converting CAD to USD?,CurrencyExchangeIntent
Is it possible to exchange AUD to JPY?,CurrencyExchangeIntent
I need to find out the current conversion rate for GBP to INR.,CurrencyExchangeIntent
Can I convert foreign currency here?,CurrencyExchangeIntent
How much is 500 USD in Euros today?,CurrencyExchangeIntent
What's the process to convert SEK to DKK?,CurrencyExchangeIntent
"I'm going to Canada, how can I get Canadian Dollars?",CurrencyExchangeIntent
Convert 100 Swiss Francs to US Dollars.,CurrencyExchangeIntent
What is the current exchange rate for Russian Ruble to Euro?,CurrencyExchangeIntent
I want to swap my NZD for AUD.,CurrencyExchangeIntent
How much is 1 AUD in USD?,CurrencyExchangeIntent
What's the rate for converting EUR to GBP?,CurrencyExchangeIntent
Can I get a quote for converting 200 USD to JPY?,CurrencyExchangeIntent
I need to exchange money.,CurrencyExchangeIntent
What are the fees to convert USD to PHP?,CurrencyExchangeIntent
Convert 1500 Euros to US Dollars.,CurrencyExchangeIntent
How do I change Yen to Dollars?,CurrencyExchangeIntent
What's the current exchange rate for AED to INR?,CurrencyExchangeIntent
I need to exchange my currency.,CurrencyExchangeIntent
Can you show me the rates for converting AUD to EUR?,CurrencyExchangeIntent
How much is 250 GBP in EUR?,CurrencyExchangeIntent
What's the best way to convert USD to VND?,CurrencyExchangeIntent
I want to convert 1000 Mexican Pesos to US Dollars.,CurrencyExchangeIntent
What's the current value of the US Dollar against the Euro?,CurrencyExchangeIntent
How much is the conversion of 50 SGD to AUD?,CurrencyExchangeIntent
I'm looking for exchange rates for various currencies.,CurrencyExchangeIntent
Convert my leftover Euros to USD.,CurrencyExchangeIntent
What are your currency conversion fees?,CurrencyExchangeIntent
I need to change 600 AUD into NZD.,CurrencyExchangeIntent
Can I convert Canadian Dollars to US Dollars?,CurrencyExchangeIntent
What's the current rate for ZAR to USD?,CurrencyExchangeIntent
How do I convert currency from my account?,CurrencyExchangeIntent
I want to exchange 500 USD to PHP.,CurrencyExchangeIntent
What's the rate between the Euro and the US Dollar?,CurrencyExchangeIntent
Can I get information on converting GBP to EUR?,CurrencyExchangeIntent
How much is 100 USD in Yen?,CurrencyExchangeIntent
I need to convert my foreign currency.,CurrencyExchangeIntent
What's the exchange rate for NZD to AUD?,CurrencyExchangeIntent
Convert 300 CAD to USD.,CurrencyExchangeIntent
How do I exchange currency online?,CurrencyExchangeIntent
What are the charges for converting JPY to USD?,CurrencyExchangeIntent
I want to know the rates for converting EUR to CAD.,CurrencyExchangeIntent
Can I convert my Rupees to Dollars?,CurrencyExchangeIntent
How much is 2000 JPY in USD?,CurrencyExchangeIntent
What's the process for foreign currency exchange?,CurrencyExchangeIntent
I need to convert money from USD to CAD.,CurrencyExchangeIntent
What's the current exchange rate for SEK to EUR?,CurrencyExchangeIntent
I'd like to convert 800 GBP to USD.,CurrencyExchangeIntent
What's the exchange rate for CNY to USD?,CurrencyExchangeIntent
How can I get local currency for my trip to Japan?,CurrencyExchangeIntent
Convert 1000 AUD to USD.,CurrencyExchangeIntent
What is the conversion rate for USD to CAD today?,CurrencyExchangeIntent
I need to swap some Euros for British Pounds.,CurrencyExchangeIntent
What are the limits for currency exchange?,CurrencyExchangeIntent
Convert 400 JPY to EUR.,CurrencyExchangeIntent
How do I convert Euros to British Pounds?,CurrencyExchangeIntent
What's the rate for SGD to USD?,CurrencyExchangeIntent
I want to exchange 700 CAD to EUR.,CurrencyExchangeIntent
What's the current exchange value of the Pound Sterling to the Euro?,CurrencyExchangeIntent
Can I convert USD to DKK?,CurrencyExchangeIntent
How much is 50 GBP in USD?,CurrencyExchangeIntent
I need to convert my Pesos to Dollars.,CurrencyExchangeIntent
What's the process for converting money internationally?,CurrencyExchangeIntent
Convert 2000 INR to USD.,CurrencyExchangeIntent
What's the exchange rate for NOK to USD?,CurrencyExchangeIntent
I want to know how much I'd get converting 1000 AUD to NZD.,CurrencyExchangeIntent
Can I exchange money at a favorable rate?,CurrencyExchangeIntent
How much is 1 EUR in USD?,CurrencyExchangeIntent
I need to convert from USD to ZAR.,CurrencyExchangeIntent
What's the rate for EUR to JPY?,CurrencyExchangeIntent
How do I convert my foreign money back to local currency?,CurrencyExchangeIntent
What are the available currencies for exchange?,CurrencyExchangeIntent
Convert 500 CAD to JPY.,CurrencyExchangeIntent
I want to know about currency exchange.,CurrencyExchangeIntent
